time,latitude,longitude,depth,mag,magType,nst,gap,dmin,rms,net,id,updated,place,type,horizontalError,depthError,magError,magNst,status,locationSource,magSource,Estimated_Affected_Pop
2025-04-04 22:27:59.789000+00:00,-6.3438,151.6204,10.0,5.1,mb,31.0,66.0,2.206,0.97,us,us6000q44n,2025-04-04T22:48:55.040Z,"186 km ESE of Kimbe, Papua New Guinea",earthquake,7.23,1.842,0.076,56.0,reviewed,us,us,0
2025-04-04 22:02:13.232000+00:00,-6.1624,151.6992,10.0,5.2,mb,69.0,37.0,2.012,0.64,us,us6000q446,2025-04-04T22:35:55.040Z,"185 km ESE of Kimbe, Papua New Guinea",earthquake,9.28,1.747,0.049,140.0,reviewed,us,us,0
2025-04-04 21:56:10.084000+00:00,-6.215,151.5706,10.0,5.0,mb,69.0,43.0,2.095,0.66,us,us6000q447,2025-04-04T22:21:48.040Z,"174 km ESE of Kimbe, Papua New Guinea",earthquake,9.94,1.828,0.062,83.0,reviewed,us,us,0
2025-04-04 21:46:28.523000+00:00,-6.2236,151.6352,10.0,5.1,mb,57.0,70.0,2.087,1.18,us,us6000q443,2025-04-04T22:05:17.040Z,"181 km ESE of Kimbe, Papua New Guinea",earthquake,8.99,1.856,0.063,81.0,reviewed,us,us,0
2025-04-04 21:38:30.866000+00:00,-6.4766,151.4042,10.0,4.9,mb,29.0,139.0,2.393,0.89,us,us6000q441,2025-04-04T23:18:50.040Z,"173 km SE of Kimbe, Papua New Guinea",earthquake,11.78,1.941,0.076,55.0,reviewed,us,us,0
2025-04-04 21:32:46.026000+00:00,-6.2522,151.7156,10.0,4.9,mb,43.0,84.0,2.096,1.23,us,us6000q440,2025-04-04T22:31:30.040Z,"191 km ESE of Kimbe, Papua New Guinea",earthquake,7.28,1.878,0.083,46.0,reviewed,us,us,0
2025-04-04 21:29:07.420000+00:00,-6.35,151.529,10.0,4.9,mb,31.0,58.0,2.236,0.84,us,us6000q43z,2025-04-04T22:36:04.040Z,"177 km ESE of Kimbe, Papua New Guinea",earthquake,6.03,1.885,0.067,70.0,reviewed,us,us,0
2025-04-04 21:14:42.083000+00:00,-6.2469,151.4546,10.0,5.1,mb,36.0,69.0,2.161,0.81,us,us6000q43j,2025-04-04T21:34:33.040Z,"164 km ESE of Kimbe, Papua New Guinea",earthquake,8.59,1.888,0.087,43.0,reviewed,us,us,0
2025-04-04 21:12:23.649000+00:00,41.0374,141.8429,60.613,4.6,mb,40.0,198.0,0.64,0.52,us,us6000q437,2025-04-05T00:20:08.040Z,"50 km E of Yokohama, Japan",earthquake,7.36,8.344,0.072,58.0,reviewed,us,us,0
2025-04-04 20:39:34.512000+00:00,-6.3642,151.5838,10.0,5.3,mb,56.0,57.0,2.235,0.8,us,us6000q42k,2025-04-04T20:59:11.040Z,"183 km ESE of Kimbe, Papua New Guinea",earthquake,7.86,1.868,0.054,116.0,reviewed,us,us,0
2025-04-04 20:04:38.577000+00:00,-6.2053,151.764,10.0,6.9,mww,93.0,42.0,2.04,1.12,us,us6000q41n,2025-04-04T22:31:25.310Z,"194 km ESE of Kimbe, Papua New Guinea",earthquake,6.8,1.834,0.037,70.0,reviewed,us,us,0
2025-04-04 19:15:42.794000+00:00,41.2509,140.2047,10.0,4.6,mb,86.0,61.0,0.797,0.8,us,us6000q417,2025-04-04T21:16:53.634Z,"24 km WNW of Imabetsu, Japan",earthquake,5.83,1.864,0.053,106.0,reviewed,us,us,0
2025-04-04 16:17:21.139000+00:00,-24.4152,-179.9962,511.79,4.1,mb,23.0,101.0,5.152,0.75,us,us6000q40c,2025-04-04T16:51:37.040Z,south of the Fiji Islands,earthquake,13.33,9.463,0.144,13.0,reviewed,us,us,0
2025-04-04 15:49:14.095000+00:00,52.5927,-31.4914,10.0,4.4,mb,70.0,139.0,11.452,0.64,us,us6000q3z4,2025-04-04T16:42:42.040Z,northern Mid-Atlantic Ridge,earthquake,11.29,1.921,0.064,75.0,reviewed,us,us,0
2025-04-04 15:25:24.375000+00:00,21.6076,96.0669,10.0,4.7,mb,72.0,49.0,1.144,0.8,us,us6000q3ye,2025-04-05T02:01:39.328Z,"7 km W of Kyaukse, Burma (Myanmar)",earthquake,5.04,1.848,0.067,68.0,reviewed,us,us,74998
2025-04-04 14:22:50.193000+00:00,28.9624,82.0167,10.0,4.9,mb,79.0,53.0,3.099,0.75,us,us6000q3xs,2025-04-04T16:06:44.961Z,"32 km ENE of Dailekh, Nepal",earthquake,8.85,1.86,0.053,112.0,reviewed,us,us,0
2025-04-04 13:12:03.013000+00:00,24.0879,121.5596,24.554,4.0,mwr,40.0,65.0,0.091,0.51,us,us6000q3xn,2025-04-04T21:54:59.374Z,"13 km NNW of Hualien City, Taiwan",earthquake,4.26,4.86,0.068,21.0,reviewed,us,us,0
2025-04-04 12:41:36.343000+00:00,-20.2937,-172.3514,10.0,4.8,mb,30.0,172.0,2.585,0.65,us,us6000q3xg,2025-04-04T13:05:22.040Z,"214 km ESE of Fangale’ounga, Tonga",earthquake,11.17,1.947,0.116,24.0,reviewed,us,us,0
2025-04-04 11:07:25.985000+00:00,-0.5348,99.5666,10.0,4.7,mb,59.0,101.0,0.834,0.65,us,us6000q3x6,2025-04-04T13:17:16.040Z,"62 km W of Pariaman, Indonesia",earthquake,6.45,1.872,0.079,48.0,reviewed,us,us,0
2025-04-04 10:51:48.856000+00:00,-5.6979,145.7105,115.127,5.2,mb,87.0,27.0,3.988,0.73,us,us6000q3wx,2025-04-04T12:31:34.094Z,"53 km S of Madang, Papua New Guinea",earthquake,8.18,6.782,0.042,194.0,reviewed,us,us,0
2025-04-04 08:31:10.688000+00:00,4.0364,-82.6247,10.0,4.8,mb,62.0,131.0,5.228,1.14,us,us6000q3wg,2025-04-04T08:54:28.040Z,south of Panama,earthquake,10.82,1.873,0.032,308.0,reviewed,us,us,0
2025-04-04 08:17:15.108000+00:00,-2.7986,141.3175,10.0,4.6,mb,26.0,56.0,0.676,0.76,us,us6000q3wb,2025-04-04T12:19:55.040Z,"12 km S of Vanimo, Papua New Guinea",earthquake,6.79,1.896,0.105,27.0,reviewed,us,us,0
2025-04-04 08:01:06.142000+00:00,-15.5117,-174.5421,191.982,5.7,mww,78.0,29.0,3.11,0.76,us,us6000q3w4,2025-04-04T10:24:47.508Z,"93 km WNW of Hihifo, Tonga",earthquake,9.94,6.476,0.055,32.0,reviewed,us,us,0
2025-04-04 08:00:48.117000+00:00,-15.4866,-174.5871,175.384,4.5,mb,46.0,95.0,3.135,0.83,us,us6000q3w7,2025-04-04T09:01:06.040Z,"99 km WNW of Hihifo, Tonga",earthquake,13.32,7.198,0.057,89.0,reviewed,us,us,0
2025-04-04 07:18:07.113000+00:00,-1.8587,135.7236,22.56,4.4,mb,28.0,70.0,1.501,0.78,us,us6000q3w0,2025-04-04T12:01:34.040Z,"85 km SSW of Biak, Indonesia",earthquake,6.64,5.878,0.123,19.0,reviewed,us,us,0
2025-04-04 06:59:51.822000+00:00,-7.9155,109.1106,101.961,4.7,mb,56.0,44.0,1.516,0.8,us,us6000q3vv,2025-04-04T08:04:44.737Z,"23 km SSE of Cilacap, Indonesia",earthquake,7.33,6.173,0.064,74.0,reviewed,us,us,0
2025-04-04 03:44:20.774000+00:00,29.4382,52.8314,10.0,4.4,mb,55.0,61.0,5.389,0.83,us,us6000q3va,2025-04-04T13:32:42.452Z,"21 km NNE of Akbarābād, Iran",earthquake,8.94,1.894,0.072,56.0,reviewed,us,us,0
2025-04-04 03:07:51.903000+00:00,-21.1605,-68.7328,121.35,4.3,mb,26.0,54.0,0.714,1.01,us,us6000q3v6,2025-04-04T03:44:49.040Z,"50 km W of Ollagüe, Chile",earthquake,5.14,6.954,0.168,10.0,reviewed,us,us,0
2025-04-04 02:34:53.745000+00:00,45.5084,145.5341,26.597,4.7,mb,60.0,102.0,2.41,0.88,us,us6000q3v2,2025-04-04T03:03:38.040Z,"162 km N of Otrada, Russia",earthquake,8.46,4.716,0.04,189.0,reviewed,us,us,0
2025-04-04 02:33:04.270000+00:00,-22.2126,-179.499,597.032,4.5,mb,35.0,154.0,5.005,0.68,us,us6000q3v1,2025-04-04T03:21:40.040Z,south of the Fiji Islands,earthquake,14.23,8.778,0.108,25.0,reviewed,us,us,0
2025-04-04 01:37:07.106000+00:00,-16.3306,-72.4838,111.91,4.8,mb,44.0,154.0,2.881,0.79,us,us6000q3ux,2025-04-04T02:44:02.957Z,"31 km W of El Pedregal, Peru",earthquake,10.2,7.033,0.088,41.0,reviewed,us,us,0
2025-04-04 00:33:25.419000+00:00,-23.699,-179.8506,551.569,4.6,mb,56.0,65.0,5.785,0.82,us,us6000q3ui,2025-04-04T00:55:28.040Z,south of the Fiji Islands,earthquake,12.41,6.863,0.042,173.0,reviewed,us,us,0
2025-04-04 00:28:26.092000+00:00,52.5695,-32.1259,10.0,4.9,mb,94.0,85.0,11.247,0.97,us,us6000q3ug,2025-04-04T00:44:34.040Z,Reykjanes Ridge,earthquake,9.35,1.867,0.027,439.0,reviewed,us,us,0
2025-04-03 23:39:36.440000+00:00,27.3505,49.9597,10.0,4.4,mb,47.0,72.0,5.546,0.69,us,us6000q3ua,2025-04-04T19:33:55.298Z,"49 km NE of Al Jubayl, Saudi Arabia",earthquake,6.68,1.854,0.088,37.0,reviewed,us,us,0
2025-04-03 22:57:19.043000+00:00,-20.5714,-178.1006,526.58,4.6,mb,63.0,77.0,4.596,0.83,us,us6000q3u5,2025-04-03T23:15:10.040Z,"298 km WNW of Houma, Tonga",earthquake,11.49,8.417,0.044,151.0,reviewed,us,us,0
2025-04-03 21:49:01.258000+00:00,52.3997,-31.511,10.0,4.8,mb,115.0,141.0,11.602,0.84,us,us6000q3tu,2025-04-04T01:14:23.040Z,northern Mid-Atlantic Ridge,earthquake,10.5,1.923,0.05,124.0,reviewed,us,us,0
2025-04-03 21:11:55.468000+00:00,-28.4335,-177.8769,10.0,5.1,mb,49.0,69.0,0.81,1.1,us,us6000q3ti,2025-04-03T21:33:58.040Z,Kermadec Islands region,earthquake,8.63,1.833,0.077,55.0,reviewed,us,us,0
2025-04-03 20:58:01.909000+00:00,-22.0067,-68.6025,111.396,4.8,mwr,82.0,39.0,0.629,0.87,us,us6000q3t7,2025-04-04T13:25:45.040Z,"59 km NNE of Calama, Chile",earthquake,5.15,4.763,0.065,23.0,reviewed,us,us,0
2025-04-03 18:42:57.879000+00:00,14.2806,146.8118,10.0,5.1,mb,82.0,90.0,1.368,0.81,us,us6000q3sh,2025-04-04T18:53:03.092Z,"149 km ESE of San Jose Village, Northern Mariana Islands",earthquake,7.46,1.868,0.037,236.0,reviewed,us,us,0
2025-04-03 17:59:06.333000+00:00,-23.5477,-179.7757,555.127,4.3,mb,30.0,106.0,5.91,1.04,us,us6000q3s8,2025-04-03T18:37:53.040Z,south of the Fiji Islands,earthquake,15.31,10.417,0.111,23.0,reviewed,us,us,0
2025-04-03 17:56:06.044000+00:00,52.6927,-34.916,10.0,4.7,mb,59.0,133.0,12.472,0.61,us,us6000q3s7,2025-04-03T18:18:58.040Z,Reykjanes Ridge,earthquake,12.09,1.905,0.054,104.0,reviewed,us,us,0
2025-04-03 17:42:32.975000+00:00,-23.1852,-179.8955,543.082,4.4,mb,34.0,104.0,5.744,0.62,us,us6000q3ry,2025-04-03T18:07:59.040Z,south of the Fiji Islands,earthquake,9.32,10.252,0.103,27.0,reviewed,us,us,0
2025-04-03 16:05:18.930000+00:00,52.739,-34.9702,10.0,5.4,mb,184.0,48.0,12.455,0.98,us,us6000q3qi,2025-04-04T16:33:08.628Z,Reykjanes Ridge,earthquake,9.79,1.841,0.023,624.0,reviewed,us,us,0
2025-04-03 14:54:27.742000+00:00,52.4537,-32.4791,10.0,4.6,mb,41.0,97.0,13.596,0.44,us,us6000q3q5,2025-04-03T16:04:26.040Z,Reykjanes Ridge,earthquake,10.99,1.909,0.089,38.0,reviewed,us,us,0
2025-04-03 14:39:31.027000+00:00,52.5857,-34.7766,10.0,4.6,mb,38.0,176.0,12.523,0.51,us,us6000q3q4,2025-04-03T15:37:52.040Z,Reykjanes Ridge,earthquake,14.01,1.959,0.1,30.0,reviewed,us,us,0
2025-04-03 14:09:29.757000+00:00,52.4601,-32.1106,10.0,6.9,mww,158.0,21.0,11.342,0.61,us,us6000q3nw,2025-04-04T14:34:40.610Z,Reykjanes Ridge,earthquake,7.07,1.758,0.031,99.0,reviewed,us,us,0
2025-04-03 13:58:13.542000+00:00,-17.7213,168.1055,33.814,4.9,mb,62.0,99.0,2.421,0.52,us,us6000q3nr,2025-04-04T02:42:04.321Z,"22 km W of Port-Vila, Vanuatu",earthquake,8.13,5.517,0.062,81.0,reviewed,us,us,0
2025-04-03 13:42:19.048000+00:00,0.5983,121.5558,95.593,4.7,mb,53.0,35.0,0.927,0.57,us,us6000q3nm,2025-04-03T14:45:11.040Z,"167 km W of Gorontalo, Indonesia",earthquake,6.41,7.006,0.079,49.0,reviewed,us,us,0
2025-04-03 10:31:16.579000+00:00,-4.5615,153.3577,91.552,4.6,mb,49.0,104.0,1.246,0.74,us,us6000q3mi,2025-04-03T10:56:17.040Z,"123 km ESE of Kokopo, Papua New Guinea",earthquake,7.75,7.094,0.083,43.0,reviewed,us,us,0
2025-04-03 07:02:16.072000+00:00,-5.8057,-50.4869,10.0,4.7,mb,55.0,70.0,0.761,0.54,us,us6000q3lw,2025-04-03T15:13:58.997Z,"70 km WNW of Parauapebas, Brazil",earthquake,6.12,1.868,0.076,52.0,reviewed,us,us,0
2025-04-03 05:16:45.650000+00:00,12.248,-87.7682,31.623,4.5,mb,26.0,176.0,0.855,0.57,us,us6000q3l6,2025-04-03T06:51:17.040Z,"64 km SSW of Jiquilillo, Nicaragua",earthquake,4.37,8.153,0.095,32.0,reviewed,us,us,0
2025-04-03 04:18:19.447000+00:00,-65.0709,178.627,10.0,5.6,mww,74.0,35.0,13.331,1.52,us,us6000q3l2,2025-04-03T07:15:51.534Z,Balleny Islands region,earthquake,12.27,1.758,0.089,12.0,reviewed,us,us,0
2025-04-03 03:47:00.862000+00:00,23.1691,120.3727,10.0,4.6,mb,69.0,42.0,0.27,1.24,us,us6000q3ky,2025-04-03T12:25:04.697Z,"10 km WNW of Yujing, Taiwan",earthquake,4.16,1.864,0.077,51.0,reviewed,us,us,0
2025-04-02 21:42:51.867000+00:00,31.1273,131.4441,25.734,4.7,mb,57.0,139.0,0.93,1.29,us,us6000q3jg,2025-04-02T21:59:56.040Z,"44 km SSE of Kushima, Japan",earthquake,6.8,3.693,0.069,64.0,reviewed,us,us,0
2025-04-02 21:06:02.223000+00:00,-16.691,-173.4629,48.799,4.9,mb,40.0,69.0,3.206,1.28,us,us6000q3iv,2025-04-02T21:26:32.040Z,"88 km SSE of Hihifo, Tonga",earthquake,11.63,7.298,0.057,96.0,reviewed,us,us,0
2025-04-02 21:03:39.058000+00:00,2.1167,126.759,36.7,5.9,mww,90.0,26.0,1.468,1.54,us,us6000q3iu,2025-04-03T21:24:46.524Z,"145 km WNW of Tobelo, Indonesia",earthquake,5.72,6.588,0.05,39.0,reviewed,us,us,0
2025-04-02 18:45:04.329000+00:00,3.3488,128.2285,212.165,4.3,mb,42.0,99.0,2.701,0.85,us,us6000q3hr,2025-04-02T19:25:29.040Z,"180 km N of Tobelo, Indonesia",earthquake,9.2,4.525,0.1,28.0,reviewed,us,us,0
2025-04-02 18:01:33.433000+00:00,24.1039,121.6213,35.761,4.3,mwr,64.0,37.0,0.074,0.7,us,us6000q3hm,2025-04-03T04:11:47.379Z,"14 km N of Hualien City, Taiwan",earthquake,4.61,5.816,0.06,27.0,reviewed,us,us,0
2025-04-02 16:27:12.271000+00:00,15.5086,95.6372,10.0,5.0,mww,98.0,64.0,4.313,0.67,us,us7000ppgb,2025-04-04T02:55:06.914Z,"86 km S of Pyapon, Burma (Myanmar)",earthquake,7.34,1.843,0.098,10.0,reviewed,us,us,4950
2025-04-02 16:26:35.052000+00:00,53.3335,172.8099,11.771,5.5,mww,172.0,53.0,0.987,0.73,us,us7000ppga,2025-04-03T16:53:10.593Z,"59 km NNW of Attu Station, Alaska",earthquake,9.08,4.185,0.047,44.0,reviewed,us,us,0
2025-04-02 15:45:26.667000+00:00,-6.522,127.9999,341.857,4.3,mb,49.0,32.0,2.746,0.53,us,us7000ppg8,2025-04-02T16:16:50.040Z,"247 km NNE of Lospalos, Timor Leste",earthquake,8.8,7.694,0.106,25.0,reviewed,us,us,0
2025-04-02 15:35:32.864000+00:00,-22.9027,-66.5814,219.919,4.3,mb,70.0,60.0,1.473,1.14,us,us7000ppg5,2025-04-02T16:03:51.040Z,"93 km WSW of Abra Pampa, Argentina",earthquake,8.8,7.406,0.086,38.0,reviewed,us,us,0
2025-04-02 14:03:57.428000+00:00,31.0017,131.4725,25.989,6.2,mww,177.0,65.0,1.009,0.7,us,us7000ppfy,2025-04-03T15:16:15.040Z,"54 km ENE of Nishinoomote, Japan",earthquake,4.57,4.406,0.051,37.0,reviewed,us,us,0
2025-04-02 13:58:14.155000+00:00,-18.2296,-174.9922,283.617,4.3,mb,34.0,79.0,4.875,0.45,us,us7000ppfz,2025-04-03T08:24:32.040Z,"116 km WNW of Neiafu, Tonga",earthquake,11.34,10.592,0.109,27.0,reviewed,us,us,0
2025-04-02 13:24:44.963000+00:00,0.6752,-29.6337,10.0,5.2,mb,112.0,86.0,8.993,0.55,us,us7000ppfs,2025-04-02T13:42:44.040Z,central Mid-Atlantic Ridge,earthquake,10.66,1.868,0.035,279.0,reviewed,us,us,0
2025-04-02 11:36:36.630000+00:00,-22.2141,-179.5475,576.664,4.8,mb,59.0,82.0,4.986,0.87,us,us7000ppfc,2025-04-02T11:56:52.040Z,south of the Fiji Islands,earthquake,13.06,7.603,0.045,150.0,reviewed,us,us,0
2025-04-02 10:45:06.095000+00:00,20.9046,96.0656,10.0,4.7,mb,48.0,73.0,0.916,0.68,us,us7000ppf6,2025-04-02T18:32:08.790Z,"21 km E of Meiktila, Burma (Myanmar)",earthquake,3.32,1.882,0.08,48.0,reviewed,us,us,43920
2025-04-02 04:35:28.132000+00:00,26.0003,128.5318,11.223,4.7,mb,51.0,72.0,0.864,1.14,us,us7000ppe2,2025-04-02T04:51:19.040Z,"75 km ESE of Katsuren-haebaru, Japan",earthquake,5.63,4.884,0.074,55.0,reviewed,us,us,0
2025-04-02 03:44:17.209000+00:00,-12.2416,167.0692,242.857,4.5,mb,32.0,148.0,3.189,0.54,us,us7000ppdt,2025-04-02T04:00:27.040Z,"188 km NNW of Sola, Vanuatu",earthquake,13.66,9.039,0.099,30.0,reviewed,us,us,0
2025-04-02 00:59:30.638000+00:00,-20.3662,-173.6948,10.0,5.0,mb,29.0,106.0,3.774,0.67,us,us7000ppde,2025-04-02T05:06:12.040Z,"92 km SE of Pangai, Tonga",earthquake,6.02,1.899,0.117,23.0,reviewed,us,us,0
2025-04-02 00:29:22.130000+00:00,-56.9291,-142.2065,10.0,6.3,mww,97.0,55.0,25.31,0.82,us,us7000ppd9,2025-04-03T01:00:22.145Z,Pacific-Antarctic Ridge,earthquake,12.0,1.758,0.068,21.0,reviewed,us,us,0
2025-04-02 00:22:04.069000+00:00,3.1734,97.4868,87.728,4.4,mb,26.0,169.0,2.111,0.76,us,us7000ppd7,2025-04-02T04:50:35.040Z,"95 km SE of Blangpidie, Indonesia",earthquake,8.65,9.162,0.1,29.0,reviewed,us,us,0
2025-04-02 00:20:05.590000+00:00,-10.1775,161.4425,50.306,4.5,mb,22.0,168.0,1.646,0.59,us,us7000ppd5,2025-04-02T04:24:04.040Z,"60 km WNW of Kirakira, Solomon Islands",earthquake,11.76,11.007,0.132,17.0,reviewed,us,us,0
2025-04-02 00:19:27.488000+00:00,28.4833,87.1454,52.02,4.3,mb,43.0,51.0,1.783,0.7,us,us7000ppd4,2025-04-02T04:09:22.040Z,"67 km NNE of Lobuche, Nepal",earthquake,8.31,9.818,0.094,32.0,reviewed,us,us,0
2025-04-01 23:59:52.032000+00:00,25.9909,128.5685,10.0,5.0,mww,58.0,64.0,0.882,0.42,us,us7000ppcu,2025-04-02T03:48:11.040Z,"79 km ESE of Katsuren-haebaru, Japan",earthquake,6.65,1.881,0.098,10.0,reviewed,us,us,0
2025-04-01 23:54:48.887000+00:00,27.3763,142.6551,35.0,4.6,mb,48.0,157.0,0.504,0.33,us,us7000ppcw,2025-04-02T03:18:46.040Z,"Bonin Islands, Japan region",earthquake,10.17,1.947,0.085,41.0,reviewed,us,us,0
2025-04-01 23:23:04.566000+00:00,36.5713,70.6829,89.848,4.6,mb,80.0,51.0,2.409,0.98,us,us7000ppcq,2025-04-02T13:17:05.353Z,"35 km SSW of Jurm, Afghanistan",earthquake,6.66,7.198,0.053,107.0,reviewed,us,us,0
2025-04-01 22:04:16.093000+00:00,43.5131,146.3734,57.621,4.1,mb,29.0,182.0,2.802,0.45,us,us7000ppc5,2025-04-01T22:51:55.040Z,"42 km SW of Shikotan, Russia",earthquake,13.25,8.783,0.114,21.0,reviewed,us,us,0
2025-04-01 21:29:04.359000+00:00,32.4493,69.9982,67.198,4.1,mb,44.0,177.0,2.183,0.51,us,us7000ppbx,2025-04-02T02:47:53.040Z,"40 km SW of Gulishah Kach, Pakistan",earthquake,9.68,12.044,0.103,26.0,reviewed,us,us,0
2025-04-01 20:31:15.963000+00:00,-5.5706,147.2218,188.944,4.1,mb,21.0,141.0,3.507,0.66,us,us7000ppch,2025-04-02T13:36:37.040Z,"129 km NNW of Finschhafen, Papua New Guinea",earthquake,13.86,11.154,0.131,16.0,reviewed,us,us,0
2025-04-01 18:46:43.712000+00:00,-18.1907,-177.8255,578.65,4.6,mb,108.0,69.0,3.174,0.68,us,us7000ppae,2025-04-01T19:14:15.040Z,Fiji region,earthquake,11.97,6.486,0.06,84.0,reviewed,us,us,0
2025-04-01 16:58:32.511000+00:00,63.9548,-22.3408,10.0,4.6,mb,57.0,81.0,0.91,0.62,us,us7000ppa5,2025-04-01T17:38:10.040Z,"3 km SE of Vogar, Iceland",earthquake,6.89,1.926,0.078,52.0,reviewed,us,us,0
2025-04-01 16:57:00.074000+00:00,63.7397,-22.6414,10.0,4.9,mb,184.0,56.0,1.163,0.65,us,us7000ppa1,2025-04-03T22:00:45.040Z,"14 km SW of Grindavík, Iceland",earthquake,7.0,1.801,0.04,193.0,reviewed,us,us,0
2025-04-01 16:54:52.985000+00:00,63.9087,-22.4931,10.0,5.2,mww,137.0,23.0,0.983,0.58,us,us7000ppa0,2025-04-03T19:28:48.651Z,"8 km NNW of Grindavík, Iceland",earthquake,5.82,1.79,0.057,30.0,reviewed,us,us,0
2025-04-01 15:27:40.623000+00:00,20.0827,96.0863,3.223,4.8,mb,108.0,55.0,1.12,0.69,us,us7000pp91,2025-04-02T09:23:04.729Z,"37 km N of Nay Pyi Taw, Burma (Myanmar)",earthquake,4.95,4.262,0.057,99.0,reviewed,us,us,36928
2025-04-01 15:25:47.282000+00:00,-4.4807,124.0073,10.0,4.4,mb,33.0,73.0,1.332,0.7,us,us7000pp8z,2025-04-01T18:36:36.040Z,"147 km ENE of Katobu, Indonesia",earthquake,5.51,1.884,0.118,24.0,reviewed,us,us,0
2025-04-01 15:24:51.311000+00:00,-35.657,179.4415,70.394,4.5,mb,25.0,153.0,2.109,0.79,us,us7000pp8y,2025-04-01T18:12:35.040Z,"238 km NNE of Hicks Bay, New Zealand",earthquake,10.25,10.556,0.127,20.0,reviewed,us,us,0
2025-04-01 13:59:40.920000+00:00,-25.2771,178.2911,604.514,5.0,mb,98.0,77.0,5.19,1.01,us,us7000pp8j,2025-04-01T14:16:16.040Z,south of the Fiji Islands,earthquake,11.87,9.08,0.052,122.0,reviewed,us,us,0
2025-04-01 13:52:36.778000+00:00,36.0275,30.3677,49.869,4.2,mb,61.0,51.0,0.65,0.66,us,us7000pp8h,2025-04-01T16:18:30.040Z,"33 km S of Beykonak, Turkey",earthquake,4.9,6.809,0.104,27.0,reviewed,us,us,0
2025-04-01 13:09:18.349000+00:00,-22.2245,-179.1529,538.823,4.7,mb,115.0,59.0,5.173,0.77,us,us7000pp8a,2025-04-01T14:37:23.040Z,south of the Fiji Islands,earthquake,10.06,6.404,0.051,116.0,reviewed,us,us,0
2025-04-01 12:33:40.543000+00:00,36.0937,139.7958,110.047,4.4,mb,39.0,113.0,1.357,0.87,us,us7000pp87,2025-04-02T12:03:59.040Z,"0 km SSW of Sakai, Japan",earthquake,7.94,7.737,0.109,24.0,reviewed,us,us,0
2025-04-01 12:08:48.988000+00:00,36.8612,77.2008,10.0,4.3,mb,51.0,148.0,4.362,0.81,us,us7000pp84,2025-04-02T09:19:26.040Z,"112 km SSE of Damusi, China",earthquake,6.0,1.927,0.107,25.0,reviewed,us,us,0
2025-04-01 11:26:01.614000+00:00,22.6887,122.6359,10.0,4.3,mwr,93.0,62.0,1.418,0.82,us,us7000pp80,2025-04-01T16:23:26.040Z,"177 km SE of Hualien City, Taiwan",earthquake,6.37,1.871,0.069,20.0,reviewed,us,us,0
2025-04-01 11:01:47.640000+00:00,22.05,95.9514,10.0,5.0,mb,68.0,68.0,1.278,0.7,us,us7000pp7z,2025-04-02T18:16:59.229Z,"15 km WNW of Mandalay, Burma (Myanmar)",earthquake,6.1,1.831,0.051,121.0,reviewed,us,us,125002
2025-04-01 10:15:54.599000+00:00,-7.5857,128.6061,141.02,5.7,mww,81.0,39.0,3.306,0.74,us,us7000pp7n,2025-04-03T00:09:07.765Z,"205 km ENE of Lospalos, Timor Leste",earthquake,6.54,7.261,0.055,32.0,reviewed,us,us,0
2025-04-01 09:25:56.621000+00:00,13.6128,120.9067,192.644,4.9,mb,115.0,75.0,9.156,0.65,us,us7000pp7i,2025-04-01T09:44:34.040Z,"6 km SE of Tingloy, Philippines",earthquake,8.36,6.79,0.045,160.0,reviewed,us,us,0
2025-04-01 06:05:39.620000+00:00,-46.0605,-14.1715,10.0,5.1,mb,51.0,71.0,9.091,0.95,us,us7000pp6u,2025-04-01T06:24:56.040Z,southern Mid-Atlantic Ridge,earthquake,11.0,1.884,0.079,51.0,reviewed,us,us,0
2025-04-01 05:41:47.449000+00:00,42.8525,145.9535,57.271,4.1,mb,42.0,194.0,2.233,1.24,us,us7000pp6q,2025-04-01T15:59:48.060Z,"60 km SSE of Nemuro, Japan",earthquake,10.11,10.505,0.088,35.0,reviewed,us,us,0
2025-04-01 04:04:36.948000+00:00,58.1201,-156.3783,12.8,5.1,mww,,,,0.86,ak,ak02546kb91j,2025-04-04T22:56:48.820Z,"59 km E of Egegik, Alaska",earthquake,,0.2,,,reviewed,ak,ak,0
2025-04-01 02:31:49.065000+00:00,-5.0825,149.7947,391.056,4.5,mb,47.0,77.0,2.522,0.89,us,us7000pp5u,2025-04-01T02:48:10.040Z,"64 km NW of Kimbe, Papua New Guinea",earthquake,10.13,8.108,0.066,67.0,reviewed,us,us,0
2025-04-01 02:16:18.181000+00:00,-8.282,117.767,17.953,5.0,mb,51.0,70.0,0.542,0.76,us,us7000pp5t,2025-04-01T02:31:21.040Z,"34 km ENE of Pototano, Indonesia",earthquake,4.23,4.655,0.096,35.0,reviewed,us,us,0
2025-04-01 02:04:05.084000+00:00,4.6915,-76.0763,97.805,4.6,mb,52.0,99.0,4.148,1.03,us,us7000pp5r,2025-04-01T02:19:06.682Z,"5 km SE of Argelia, Colombia",earthquake,8.53,8.652,0.054,103.0,reviewed,us,us,0
2025-04-01 00:09:03.777000+00:00,79.8427,1.0252,10.0,4.6,mb,67.0,120.0,2.225,0.79,us,us7000pp5e,2025-04-01T00:56:28.040Z,Greenland Sea,earthquake,12.6,1.919,0.069,62.0,reviewed,us,us,0
2025-03-31 23:26:30.350000+00:00,37.6111,72.2272,185.269,4.1,mb,36.0,154.0,0.73,0.7,us,us7000pp5b,2025-04-01T00:12:48.040Z,"61 km ENE of Khorugh, Tajikistan",earthquake,3.93,6.599,0.165,10.0,reviewed,us,us,0
2025-03-31 22:35:32.024000+00:00,-23.2341,179.6488,550.135,4.9,mb,74.0,59.0,5.662,0.68,us,us7000pp55,2025-04-01T00:43:22.040Z,south of the Fiji Islands,earthquake,11.07,2.951,0.064,77.0,reviewed,us,us,0
2025-03-31 22:25:17.116000+00:00,-4.7275,153.1691,56.526,4.5,mb,25.0,131.0,1.135,0.8,us,us7000pp54,2025-03-31T22:56:42.040Z,"108 km ESE of Kokopo, Papua New Guinea",earthquake,9.57,9.469,0.124,19.0,reviewed,us,us,0
2025-03-31 20:42:24.673000+00:00,24.4239,50.3108,10.678,4.0,mb,22.0,176.0,4.488,0.47,us,us7000pp4t,2025-04-01T22:02:05.338Z,"100 km SSW of Umm Bāb, Qatar",earthquake,15.22,7.558,0.111,22.0,reviewed,us,us,0
2025-03-31 19:11:09.311000+00:00,21.9068,96.0099,10.0,4.1,mb,14.0,167.0,4.4,0.33,us,us7000pp3w,2025-04-02T03:34:25.173Z,"4 km NE of Sagaing, Burma (Myanmar)",earthquake,10.73,1.982,0.197,7.0,reviewed,us,us,102012
2025-03-31 17:49:39.721000+00:00,-21.5959,-68.718,128.569,4.4,mb,23.0,83.0,0.526,1.03,us,us7000pp2r,2025-03-31T18:05:38.040Z,"63 km SW of Ollagüe, Chile",earthquake,5.77,7.39,0.162,11.0,reviewed,us,us,0
2025-03-31 16:28:14.460000+00:00,41.2156,-116.7251,6.2,4.0,ml,6.0,142.82,0.33,0.1519,nn,nn00895440,2025-04-04T16:38:28.339Z,"57 km NE of Valmy, Nevada",earthquake,,3.1,0.14,4.0,reviewed,nn,nn,0
2025-03-31 15:58:26.585000+00:00,-23.7295,-66.7675,202.242,4.5,mb,46.0,93.0,1.511,1.13,us,us7000pp14,2025-03-31T16:22:19.040Z,"70 km NW of San Antonio de los Cobres, Argentina",earthquake,10.51,8.239,0.065,71.0,reviewed,us,us,0
2025-03-31 15:54:19.308000+00:00,-10.0526,119.0351,28.472,5.6,mww,108.0,25.0,1.301,0.92,us,us7000pp13,2025-04-01T16:19:27.680Z,"72 km SSW of Tambolaka, Indonesia",earthquake,7.09,4.949,0.063,24.0,reviewed,us,us,0
2025-03-31 15:06:01.638000+00:00,-52.2187,27.9676,10.0,4.7,mb,19.0,91.0,20.499,0.49,us,us7000pp10,2025-03-31T15:39:47.040Z,south of Africa,earthquake,9.75,1.903,0.13,19.0,reviewed,us,us,0
2025-03-31 13:36:16.254000+00:00,0.6527,-29.67,10.0,5.2,mb,61.0,89.0,8.952,1.01,us,us7000pp0s,2025-03-31T14:49:28.040Z,central Mid-Atlantic Ridge,earthquake,10.8,1.878,0.038,235.0,reviewed,us,us,0
2025-03-31 13:20:45.875000+00:00,-20.4567,-173.7708,25.343,4.9,mb,50.0,125.0,3.871,1.11,us,us7000pp0p,2025-03-31T14:26:23.040Z,"93 km SE of Pangai, Tonga",earthquake,6.41,5.309,0.082,47.0,reviewed,us,us,0
2025-03-31 12:14:16.436000+00:00,-25.7435,-71.1213,19.368,4.3,mb,48.0,134.0,0.619,1.04,us,us7000pp0k,2025-03-31T13:09:54.040Z,"73 km WSW of Taltal, Chile",earthquake,3.84,5.557,0.142,14.0,reviewed,us,us,0
2025-03-31 11:12:21.559000+00:00,-4.6394,139.4076,10.0,4.6,mb,36.0,90.0,0.707,1.35,us,us7000pp0e,2025-03-31T11:46:41.040Z,"173 km NE of Agats, Indonesia",earthquake,4.91,1.885,0.112,24.0,reviewed,us,us,0
2025-03-31 11:10:35.186000+00:00,25.6542,67.2568,10.0,4.6,mb,47.0,88.0,10.026,0.8,us,us7000pp0f,2025-04-02T08:43:03.653Z,"65 km ESE of Uthal, Pakistan",earthquake,11.17,1.64,0.065,71.0,reviewed,us,us,0
2025-03-31 09:42:34.495000+00:00,-22.4841,-179.5011,574.992,4.8,mb,66.0,65.0,5.245,0.7,us,us7000pp02,2025-03-31T10:05:48.040Z,south of the Fiji Islands,earthquake,10.59,5.074,0.032,301.0,reviewed,us,us,0
2025-03-31 06:58:14.490000+00:00,51.8618,178.4422,138.311,4.2,mb,204.0,84.0,0.123,0.53,us,us7000pnzd,2025-03-31T17:23:15.211Z,"Rat Islands, Aleutian Islands, Alaska",earthquake,8.77,4.908,0.039,185.0,reviewed,us,us,0
2025-03-31 05:59:21.097000+00:00,-17.7144,-69.6796,154.413,4.5,mb,60.0,103.0,0.907,0.68,us,us7000pnz7,2025-03-31T09:45:49.040Z,"30 km ENE of Palca, Peru",earthquake,7.51,7.157,0.076,50.0,reviewed,us,us,0
2025-03-31 05:38:35.732000+00:00,-9.5801,119.0602,68.789,4.5,mb,39.0,56.0,1.223,0.71,us,us7000pnz6,2025-03-31T06:28:24.040Z,"25 km SW of Tambolaka, Indonesia",earthquake,3.12,7.651,0.128,18.0,reviewed,us,us,0
2025-03-31 04:50:26.279000+00:00,-11.1846,-74.0555,109.319,4.3,mb,13.0,90.0,2.845,1.05,us,us7000pnz2,2025-03-31T05:07:13.040Z,"28 km E of Puerto Ocopa, Peru",earthquake,5.51,18.992,0.168,10.0,reviewed,us,us,0
2025-03-31 01:21:16.248000+00:00,-7.1953,68.0932,10.0,4.5,mb,22.0,142.0,33.979,0.43,us,us7000pny8,2025-03-31T02:46:11.040Z,Chagos Archipelago region,earthquake,17.43,1.952,0.136,16.0,reviewed,us,us,0
2025-03-30 23:41:48.327000+00:00,-18.423,-71.3682,31.816,4.0,mwr,24.0,198.0,0.975,0.68,us,us7000pnxw,2025-03-31T00:47:10.040Z,"86 km S of Pacocha, Peru",earthquake,5.97,7.339,0.083,14.0,reviewed,us,us,0
2025-03-30 23:17:16.817000+00:00,-29.8691,60.8326,10.0,4.9,mb,40.0,62.0,9.804,0.66,us,us7000pnzb,2025-03-31T20:51:38.040Z,Southwest Indian Ridge,earthquake,11.46,1.857,0.104,29.0,reviewed,us,us,0
2025-03-30 22:36:33.784000+00:00,36.8049,31.8096,9.579,4.3,mb,22.0,140.0,1.466,0.8,us,us7000pnxr,2025-03-31T16:07:42.274Z,"16 km W of Gündoğmuş, Turkey",earthquake,5.81,6.006,0.188,8.0,reviewed,us,us,0
2025-03-30 21:51:45.353000+00:00,-20.2527,-174.1096,31.142,5.3,mww,53.0,69.0,17.331,0.59,us,us7000pnxn,2025-03-31T01:34:23.134Z,"54 km SSE of Pangai, Tonga",earthquake,15.09,4.552,0.103,9.0,reviewed,us,us,0
2025-03-30 21:44:04.577000+00:00,30.333,89.9746,10.0,4.3,mb,18.0,117.0,1.181,0.55,us,us7000pnxl,2025-03-30T23:53:44.040Z,"82 km WNW of Dêqên, China",earthquake,9.28,1.974,0.099,30.0,reviewed,us,us,0
2025-03-30 19:30:26.170000+00:00,-20.3189,-173.643,35.0,4.8,mb,31.0,113.0,3.713,1.06,us,us7000pnx1,2025-03-30T19:49:55.040Z,"93 km SE of Pangai, Tonga",earthquake,11.3,1.927,0.107,27.0,reviewed,us,us,0
2025-03-30 18:42:34.318000+00:00,-26.5073,-178.6656,339.11,4.2,mb,18.0,109.0,2.804,0.88,us,us7000pnwv,2025-03-30T19:21:58.040Z,south of the Fiji Islands,earthquake,14.7,9.574,0.159,11.0,reviewed,us,us,0
2025-03-30 17:35:25.160000+00:00,37.2844,20.3872,34.412,4.2,mb,40.0,79.0,1.232,1.01,us,us7000pnwe,2025-03-30T17:52:48.040Z,"62 km SW of Lithakiá, Greece",earthquake,6.6,5.774,0.118,20.0,reviewed,us,us,0
2025-03-30 17:17:55.081000+00:00,-22.5646,-66.3653,294.93,4.3,mb,25.0,97.0,1.718,0.55,us,us7000pnwa,2025-03-30T17:34:15.040Z,"70 km WNW of Abra Pampa, Argentina",earthquake,5.69,8.901,0.169,10.0,reviewed,us,us,0
2025-03-30 16:10:09.839000+00:00,-20.423,-173.7525,35.0,4.8,mb,20.0,136.0,3.844,0.39,us,us7000pnw6,2025-03-30T16:49:36.040Z,"92 km SE of Pangai, Tonga",earthquake,9.59,1.962,0.095,34.0,reviewed,us,us,0
2025-03-30 15:33:48.112000+00:00,-20.3056,-173.7153,35.0,5.8,mww,24.0,130.0,3.773,0.53,us,us7000pnvv,2025-03-31T15:54:12.932Z,"86 km SE of Pangai, Tonga",earthquake,10.03,1.967,0.089,12.0,reviewed,us,us,0
2025-03-30 15:26:16.694000+00:00,-20.265,-173.7255,35.0,4.9,mb,25.0,134.0,3.769,0.87,us,us7000pnvu,2025-03-30T15:41:08.040Z,"82 km SE of Pangai, Tonga",earthquake,12.8,1.936,0.106,28.0,reviewed,us,us,0
2025-03-30 15:04:54.047000+00:00,-20.4296,-173.8658,17.0,6.2,mww,59.0,114.0,3.946,0.87,us,us7000pnvp,2025-03-31T15:30:22.467Z,"85 km SE of Pangai, Tonga",earthquake,10.32,1.858,0.062,25.0,reviewed,us,us,0
2025-03-30 14:58:46.633000+00:00,-19.9696,-173.7921,35.0,4.8,mb,22.0,117.0,3.752,0.62,us,us7000pnvt,2025-03-30T16:16:41.040Z,"60 km ESE of Fangale’ounga, Tonga",earthquake,11.75,1.854,0.111,30.0,reviewed,us,us,0
2025-03-30 14:24:44.406000+00:00,-20.3476,-173.692,10.0,4.8,mb,26.0,131.0,3.765,0.94,us,us7000pnvd,2025-03-30T14:43:10.040Z,"90 km SE of Pangai, Tonga",earthquake,10.06,1.904,0.121,26.0,reviewed,us,us,0
2025-03-30 13:55:57.885000+00:00,42.0469,142.686,55.712,4.5,mb,49.0,84.0,0.352,0.5,us,us7000pnv5,2025-03-30T14:27:18.040Z,"14 km SSW of Urakawa, Japan",earthquake,6.92,7.386,0.057,90.0,reviewed,us,us,0
2025-03-30 12:18:47.830000+00:00,-20.3294,-173.9074,29.0,7.0,mww,63.0,76.0,3.951,0.87,us,us7000pntq,2025-03-31T12:43:24.152Z,"73 km SE of Pangai, Tonga",earthquake,9.6,2.482,0.031,98.0,reviewed,us,us,0
2025-03-30 11:49:55.437000+00:00,13.3813,120.9691,118.004,4.5,mb,50.0,101.0,20.574,0.55,us,us7000pntj,2025-03-31T01:14:30.703Z,"8 km WSW of Lumangbayan, Philippines",earthquake,12.49,8.058,0.076,51.0,reviewed,us,us,0
2025-03-30 11:09:06.295000+00:00,-22.8135,-70.5434,26.929,4.1,mb,38.0,152.0,0.903,0.8,us,us7000pntb,2025-03-30T11:51:19.040Z,"33 km NNW of Mejillones, Chile",earthquake,5.94,9.368,0.165,10.0,reviewed,us,us,0
2025-03-30 10:52:08.354000+00:00,-7.1169,120.3411,546.872,4.3,mb,47.0,86.0,2.17,0.83,us,us7000pnt8,2025-03-30T11:10:30.040Z,"160 km NNE of Labuan Bajo, Indonesia",earthquake,12.19,9.2,0.113,22.0,reviewed,us,us,0
2025-03-30 08:37:58.296000+00:00,22.5586,95.9674,10.0,4.3,mb,28.0,162.0,4.714,0.76,us,us7000pnsw,2025-03-30T09:27:21.040Z,"27 km E of Shwebo, Burma (Myanmar)",earthquake,12.5,1.937,0.122,19.0,reviewed,us,us,38513
2025-03-30 07:42:58.873000+00:00,-56.2765,-27.1128,100.017,4.9,mb,41.0,82.0,18.516,0.82,us,us7000pnse,2025-03-30T08:02:10.040Z,South Sandwich Islands region,earthquake,12.6,7.794,0.076,54.0,reviewed,us,us,0
2025-03-30 07:31:38.403000+00:00,-24.0435,-67.2526,211.086,4.2,mb,19.0,104.0,1.38,0.91,us,us7000pnsc,2025-03-30T08:14:26.040Z,"96 km WNW of San Antonio de los Cobres, Argentina",earthquake,5.73,7.931,0.146,13.0,reviewed,us,us,0
2025-03-30 07:08:01.199000+00:00,22.1993,95.9393,10.0,5.1,mb,65.0,69.0,4.578,0.64,us,us7000pnsb,2025-03-31T01:52:31.274Z,"28 km NNW of Mandalay, Burma (Myanmar)",earthquake,9.36,1.883,0.066,74.0,reviewed,us,us,100883
2025-03-30 05:20:40.331000+00:00,54.2445,-35.2431,10.0,4.4,mb,44.0,175.0,14.78,0.77,us,us7000pnrx,2025-03-30T06:47:52.040Z,Reykjanes Ridge,earthquake,14.23,1.9,0.088,37.0,reviewed,us,us,0
2025-03-30 02:58:33.004000+00:00,5.4336,95.3466,10.0,5.1,mb,66.0,95.0,1.607,0.92,us,us7000pnri,2025-03-31T11:21:24.902Z,"12 km S of Banda Aceh, Indonesia",earthquake,6.34,1.868,0.06,94.0,reviewed,us,us,0
2025-03-30 02:01:58.025000+00:00,63.4285,-150.2969,9.8,4.3,ml,,,,0.85,ak,ak02543813cl,2025-03-31T00:22:27.965Z,"67 km W of Cantwell, Alaska",earthquake,,0.3,,,reviewed,ak,ak,0
2025-03-30 01:18:31.742000+00:00,34.5745,140.7729,67.727,4.7,mb,80.0,93.0,1.66,0.71,us,us7000pnr8,2025-03-30T02:46:24.277Z,"75 km SSE of Katsuura, Japan",earthquake,8.32,6.395,0.045,155.0,reviewed,us,us,0
2025-03-29 23:47:38.364000+00:00,35.7463,140.1875,65.026,4.5,mb,33.0,150.0,1.793,0.71,us,us7000pnqq,2025-03-30T00:11:14.040Z,"3 km SSW of Inba, Japan",earthquake,7.83,8.592,0.125,19.0,reviewed,us,us,0
2025-03-29 23:27:35.210000+00:00,22.5473,95.8629,10.0,4.2,mb,25.0,154.0,4.989,0.78,us,us7000pnqp,2025-03-29T23:45:49.040Z,"17 km E of Shwebo, Burma (Myanmar)",earthquake,9.04,1.918,0.125,18.0,reviewed,us,us,27653
2025-03-29 21:41:41.609000+00:00,-31.792,-179.0176,100.813,4.8,mb,21.0,157.0,2.694,0.87,us,us7000pnqc,2025-03-30T21:58:48.040Z,Kermadec Islands region,earthquake,13.24,11.787,0.139,16.0,reviewed,us,us,0
2025-03-29 19:38:15.594000+00:00,-0.0256,123.423,137.084,4.5,mb,50.0,51.0,1.201,0.75,us,us7000pnpk,2025-03-29T20:38:10.040Z,"74 km SSE of Gorontalo, Indonesia",earthquake,5.65,6.024,0.095,32.0,reviewed,us,us,0
2025-03-29 17:38:52.447000+00:00,-2.381,139.6832,25.238,4.4,mb,41.0,67.0,1.027,0.92,us,us7000pnmv,2025-03-29T19:28:17.040Z,"108 km WNW of Abepura, Indonesia",earthquake,6.08,5.444,0.097,36.0,reviewed,us,us,0
2025-03-29 15:35:35.048000+00:00,-33.3874,77.7722,10.0,4.9,mb,100.0,62.0,16.913,0.41,us,us7000pnm9,2025-03-29T16:24:07.040Z,Mid-Indian Ridge,earthquake,10.03,1.764,0.061,90.0,reviewed,us,us,0
2025-03-29 13:39:31.037000+00:00,-5.9239,130.8049,120.371,4.6,mb,37.0,58.0,1.656,0.78,us,us7000pnlk,2025-03-29T13:54:17.040Z,"218 km W of Tual, Indonesia",earthquake,8.0,8.21,0.1,30.0,reviewed,us,us,0
2025-03-29 13:00:39.095000+00:00,44.4195,145.7053,174.921,4.2,mb,60.0,134.0,2.256,0.61,us,us7000pnlb,2025-03-29T14:04:44.040Z,"41 km NNW of Otrada, Russia",earthquake,9.74,8.075,0.06,78.0,reviewed,us,us,0
2025-03-29 10:50:10.859000+00:00,27.2476,103.6111,10.0,4.7,mb,52.0,87.0,7.589,0.79,us,us7000pnl4,2025-03-29T11:12:19.040Z,"12 km SW of Zhaotong, China",earthquake,10.44,1.891,0.066,69.0,reviewed,us,us,0
2025-03-29 09:52:50.812000+00:00,-18.1832,-178.6062,636.955,4.2,mb,34.0,115.0,2.571,0.73,us,us7000pnkr,2025-03-29T10:13:41.040Z,"220 km E of Levuka, Fiji",earthquake,17.37,9.897,0.105,25.0,reviewed,us,us,0
2025-03-29 09:20:48.183000+00:00,19.6154,96.0102,10.0,5.1,mb,76.0,66.0,3.004,0.72,us,us7000pnkj,2025-03-29T18:09:15.806Z,"19 km SW of Nay Pyi Taw, Burma (Myanmar)",earthquake,8.4,1.856,0.048,142.0,reviewed,us,us,55769
2025-03-29 08:17:13.276000+00:00,-22.9212,-66.3807,232.952,4.3,mb,71.0,49.0,1.658,1.01,us,us7000pnk7,2025-03-29T12:13:36.040Z,"73 km WSW of Abra Pampa, Argentina",earthquake,5.19,7.528,0.091,34.0,reviewed,us,us,0
2025-03-29 08:15:39.370000+00:00,33.5485,81.7549,10.0,4.3,mb,31.0,133.0,6.483,1.46,us,us7000pnk8,2025-03-29T13:51:31.040Z,western Xizang,earthquake,8.74,1.954,0.153,12.0,reviewed,us,us,0
2025-03-29 08:01:19.482000+00:00,-26.445,-71.4494,39.913,4.3,mb,45.0,141.0,0.819,1.13,us,us7000pnk3,2025-03-29T08:45:24.040Z,"140 km W of Diego de Almagro, Chile",earthquake,4.96,9.056,0.187,8.0,reviewed,us,us,0
2025-03-29 07:20:23.462000+00:00,-34.968,-73.8212,10.0,4.1,mb,40.0,106.0,2.118,0.97,us,us7000pnjq,2025-03-29T07:52:12.040Z,"134 km WNW of Constitución, Chile",earthquake,4.87,1.924,0.214,6.0,reviewed,us,us,0
2025-03-29 05:23:38.732000+00:00,-21.1362,174.6182,527.953,4.5,mb,39.0,85.0,4.678,0.85,us,us7000pnjc,2025-03-29T12:47:51.040Z,Vanuatu region,earthquake,11.66,10.49,0.101,29.0,reviewed,us,us,0
2025-03-29 04:53:59.357000+00:00,17.9374,-63.1482,98.021,4.4,mb,51.0,115.0,0.328,0.66,us,us7000pnj1,2025-03-29T13:31:55.755Z,"27 km SSW of Blowing Point Village, Anguilla",earthquake,7.9,5.765,0.084,41.0,reviewed,us,us,0
2025-03-29 02:11:07.359000+00:00,12.5721,147.8001,10.0,5.2,mb,63.0,82.0,3.03,0.63,us,us7000pnig,2025-04-05T02:21:18.319Z,Mariana Islands region,earthquake,8.39,1.87,0.07,68.0,reviewed,us,us,0
2025-03-29 01:58:04.671000+00:00,-20.3572,-178.1436,543.298,4.4,mb,48.0,112.0,4.438,0.72,us,us7000pnif,2025-03-29T02:36:40.040Z,Fiji region,earthquake,12.74,8.265,0.05,116.0,reviewed,us,us,0
2025-03-29 01:36:55.070000+00:00,-0.0012,123.975,100.25,4.5,mb,32.0,53.0,1.586,1.18,us,us7000pnic,2025-03-29T02:11:49.040Z,"71 km SW of Modisi, Indonesia",earthquake,5.61,7.63,0.131,19.0,reviewed,us,us,0
2025-03-28 23:46:01.551000+00:00,36.6825,71.2032,202.794,4.3,mb,58.0,102.0,1.92,0.71,us,us7000pni6,2025-03-29T02:12:41.040Z,"29 km W of Ashkāsham, Afghanistan",earthquake,7.21,7.765,0.099,30.0,reviewed,us,us,0
2025-03-28 23:21:37.105000+00:00,36.6585,70.9368,226.868,4.2,mb,46.0,158.0,2.06,0.5,us,us7000pni0,2025-03-28T23:55:29.040Z,"24 km SSE of Jurm, Afghanistan",earthquake,7.8,8.204,0.115,22.0,reviewed,us,us,0
2025-03-28 19:45:16.056000+00:00,31.1115,131.3999,46.3,4.6,mb,123.0,51.0,0.903,0.36,us,us7000png7,2025-03-29T17:03:19.040Z,"44 km SSE of Kushima, Japan",earthquake,5.31,6.604,0.055,108.0,reviewed,us,us,0
2025-03-28 18:54:18.218000+00:00,-30.7548,-67.2334,11.061,4.1,mb,24.0,167.0,2.591,0.61,us,us7000pnft,2025-03-29T18:07:01.040Z,"26 km ESE of San Agustín de Valle Fértil, Argentina",earthquake,8.47,6.51,0.522,2.0,reviewed,us,us,0
2025-03-28 18:12:22.601000+00:00,-42.1338,172.8418,76.63,4.0,ml,28.0,52.0,0.374,0.99,us,us7000pnfe,2025-03-29T17:49:11.040Z,"42 km N of Hanmer Springs, New Zealand",earthquake,2.75,6.786,0.048,56.0,reviewed,us,us,0
2025-03-28 17:24:20.407000+00:00,-16.0525,-176.3659,373.74,4.7,mb,78.0,49.0,4.117,0.89,us,us7000pnf4,2025-03-28T20:13:27.040Z,"268 km SE of Alo, Wallis and Futuna",earthquake,10.42,6.381,0.049,132.0,reviewed,us,us,0
2025-03-28 17:17:27.821000+00:00,0.7627,-29.76,12.039,6.6,mww,322.0,24.0,8.969,0.44,us,us7000pnf2,2025-04-03T19:22:18.077Z,central Mid-Atlantic Ridge,earthquake,8.98,3.047,0.059,28.0,reviewed,us,us,0
2025-03-28 16:46:21.048000+00:00,20.2248,96.137,10.0,4.5,mb,25.0,154.0,3.179,0.39,us,us7000pne5,2025-03-28T17:27:49.674Z,"22 km S of Yamethin, Burma (Myanmar)",earthquake,11.11,1.924,0.144,18.0,reviewed,us,us,27773
2025-03-28 16:08:49.536000+00:00,52.3653,-174.2948,120.061,4.9,mb,88.0,58.0,0.175,0.84,us,us7000pncx,2025-03-28T20:12:45.030Z,"19 km NNW of Atka, Alaska",earthquake,7.91,4.25,0.032,307.0,reviewed,us,us,0
2025-03-28 14:49:19.423000+00:00,21.9984,95.9659,10.0,4.2,mb,21.0,158.0,4.475,0.82,us,us7000pnq3,2025-03-29T21:35:06.040Z,"12 km WNW of Mandalay, Burma (Myanmar)",earthquake,14.29,1.938,0.159,13.0,reviewed,us,us,85052
2025-03-28 13:18:50.242000+00:00,18.8886,145.4507,238.223,4.3,mb,65.0,111.0,3.642,0.76,us,us7000pncf,2025-03-28T14:25:36.040Z,"Pagan region, Northern Mariana Islands",earthquake,11.4,8.518,0.066,65.0,reviewed,us,us,0
2025-03-28 12:56:10.540000+00:00,-7.1972,126.0091,491.723,4.5,mb,60.0,39.0,3.07,1.14,us,us7000pncb,2025-03-28T13:17:59.040Z,"145 km N of Manatutu, Timor Leste",earthquake,9.97,7.844,0.09,36.0,reviewed,us,us,0
2025-03-28 12:21:56.553000+00:00,22.0108,95.9699,10.0,4.6,mb,73.0,64.0,4.477,0.63,us,us7000pnc5,2025-03-29T16:09:39.040Z,"12 km WNW of Mandalay, Burma (Myanmar)",earthquake,7.8,1.791,0.065,71.0,reviewed,us,us,111126
2025-03-28 11:59:01.374000+00:00,-8.19,117.9252,22.397,4.7,mb,29.0,72.0,0.65,0.91,us,us7000pnc2,2025-03-28T12:40:50.040Z,"54 km ENE of Pototano, Indonesia",earthquake,4.25,5.188,0.126,19.0,reviewed,us,us,0
2025-03-28 11:57:10.933000+00:00,47.9458,147.3022,417.837,4.9,mb,112.0,35.0,3.236,0.75,us,us7000pnc1,2025-03-28T20:18:45.010Z,northwest of the Kuril Islands,earthquake,10.16,6.38,0.024,522.0,reviewed,us,us,0
2025-03-28 11:16:50.005000+00:00,22.1908,95.7184,10.0,4.5,mb,42.0,162.0,4.761,0.66,us,us7000pnbt,2025-03-28T14:43:30.305Z,Burma,earthquake,7.81,1.866,0.097,31.0,reviewed,us,us,27689
2025-03-28 10:56:42.376000+00:00,42.7673,72.9521,10.0,5.0,mb,102.0,37.0,1.144,0.9,us,us7000pnbm,2025-03-28T18:21:32.904Z,"22 km WSW of Merke, Kazakhstan",earthquake,1.97,1.829,0.045,157.0,reviewed,us,us,0
2025-03-28 10:35:10.664000+00:00,10.0431,-103.7767,10.0,4.8,mb,170.0,183.0,9.025,0.5,us,us7000pnbl,2025-03-28T11:32:06.040Z,northern East Pacific Rise,earthquake,10.63,1.92,0.04,191.0,reviewed,us,us,0
2025-03-28 09:55:36.105000+00:00,19.7619,96.1921,10.0,4.5,mb,26.0,193.0,2.906,0.63,us,us7000pnfz,2025-04-01T09:04:38.585Z,"3 km NNW of Pyinmana, Burma (Myanmar)",earthquake,11.12,1.953,0.128,18.0,reviewed,us,us,57806
2025-03-28 09:26:46.362000+00:00,21.6385,97.7004,10.0,4.1,mb,8.0,160.0,2.865,0.96,us,us7000pnfs,2025-03-28T19:10:51.040Z,"116 km NE of Taunggyi, Burma (Myanmar)",earthquake,10.9,1.98,0.302,3.0,reviewed,us,us,3674
2025-03-28 09:18:28.345000+00:00,23.5224,95.3699,10.0,4.4,mb,43.0,134.0,5.686,0.96,us,us7000pnbh,2025-03-28T18:54:34.040Z,"99 km E of Mawlaik, Burma (Myanmar)",earthquake,8.72,1.9,0.098,30.0,reviewed,us,us,8235
2025-03-28 07:57:00.754000+00:00,22.5423,95.8338,10.0,4.5,mb,30.0,162.0,4.816,0.99,us,us7000pnbe,2025-03-28T10:13:21.402Z,Burma,earthquake,15.75,1.962,0.116,22.0,reviewed,us,us,31225
2025-03-28 07:42:36.806000+00:00,20.0222,96.8632,10.0,4.3,mb,8.0,195.0,2.507,1.34,us,us7000pnf7,2025-03-28T18:02:24.040Z,"52 km NW of Loikaw, Burma (Myanmar)",earthquake,12.17,1.962,0.307,3.0,reviewed,us,us,6157
2025-03-28 07:36:58.784000+00:00,22.7463,95.8757,10.0,4.6,mb,81.0,68.0,4.88,0.71,us,us7000pnba,2025-03-28T10:28:27.640Z,Burma,earthquake,10.61,1.899,0.063,75.0,reviewed,us,us,25290
2025-03-28 07:33:37.725000+00:00,22.6466,95.7747,10.0,4.4,mb,40.0,79.0,4.913,0.84,us,us7000pnf1,2025-03-28T17:44:42.040Z,"11 km NE of Shwebo, Burma (Myanmar)",earthquake,11.87,1.926,0.088,37.0,reviewed,us,us,25474
2025-03-28 07:27:47.947000+00:00,22.7236,95.8606,10.0,4.6,mb,42.0,153.0,4.881,0.74,us,us7000pnb8,2025-03-28T17:20:20.040Z,"23 km NE of Shwebo, Burma (Myanmar)",earthquake,8.59,1.827,0.101,29.0,reviewed,us,us,27070
2025-03-28 06:45:45.503000+00:00,19.3005,96.2925,10.0,4.9,mb,50.0,101.0,2.646,0.91,us,us7000pnb6,2025-03-28T16:17:09.695Z,Burma (Myanmar),earthquake,10.54,1.788,0.098,41.0,reviewed,us,us,34012
2025-03-28 06:42:24.866000+00:00,21.898,95.8365,10.0,4.9,mb,89.0,80.0,4.497,0.67,us,us7000pncv,2025-03-28T16:12:10.040Z,"14 km W of Sagaing, Burma (Myanmar)",earthquake,9.74,1.762,0.071,65.0,reviewed,us,us,104397
2025-03-28 06:39:15.041000+00:00,19.9711,95.8212,10.0,4.8,mb,33.0,93.0,3.312,0.86,us,us7000pncy,2025-03-28T16:41:44.040Z,"29 km E of Taungdwingyi, Burma (Myanmar)",earthquake,11.42,1.882,0.116,25.0,reviewed,us,us,30199
2025-03-28 06:32:04.726000+00:00,21.7073,95.9692,10.0,6.7,mww,106.0,41.0,4.273,0.84,us,us7000pn9z,2025-04-04T16:24:41.553Z,Burma (Myanmar),earthquake,7.57,1.833,0.089,12.0,reviewed,us,us,289024
2025-03-28 06:20:52.684000+00:00,21.9963,95.9258,10.0,7.7,mww,245.0,24.0,3.481,0.9,us,us7000pn9s,2025-04-05T00:05:30.047Z,"2025 Mandalay, Burma (Myanmar) Earthquake",earthquake,7.47,1.673,0.028,121.0,reviewed,us,us,507460
2025-03-28 05:27:16.244000+00:00,-62.7238,-160.0615,10.0,4.8,mb,21.0,163.0,18.36,0.83,us,us7000pn9g,2025-03-28T05:48:20.040Z,Pacific-Antarctic Ridge,earthquake,9.75,1.925,0.124,20.0,reviewed,us,us,0
2025-03-28 01:53:57.153000+00:00,-15.9221,167.8943,172.9,5.0,mb,48.0,142.0,0.816,0.65,us,us7000pn8t,2025-03-28T02:11:11.040Z,"54 km ENE of Lakatoro, Vanuatu",earthquake,10.15,5.454,0.067,71.0,reviewed,us,us,0
2025-03-28 01:20:05.006000+00:00,-19.1167,168.7706,35.0,5.4,mb,76.0,55.0,3.692,1.03,us,us7000pn8m,2025-03-29T01:47:33.531Z,"71 km NW of Isangel, Vanuatu",earthquake,8.4,1.894,0.04,219.0,reviewed,us,us,0
2025-03-28 01:18:49.181000+00:00,41.5019,141.2169,121.35,4.3,mb,43.0,119.0,0.721,0.71,us,us7000pn8n,2025-03-28T21:44:16.040Z,"23 km N of Mutsu, Japan",earthquake,10.14,8.527,0.072,54.0,reviewed,us,us,0
2025-03-28 00:34:21.932000+00:00,0.7389,-29.6695,10.0,6.1,mww,89.0,80.0,9.014,0.62,us,us7000pn7g,2025-03-29T01:00:19.596Z,central Mid-Atlantic Ridge,earthquake,4.57,1.844,0.066,22.0,reviewed,us,us,0
